{"cameraMode":{"drawMode":0,"name":"Shaded","section":"Shading Mode"},"sceneLighting":true,"audioPlay":false,"sceneViewState":{"m_AlwaysRefresh":false,"showFog":true,"showSkybox":true,"showFlares":true,"showImageEffects":true,"showParticleSystems":true,"showVisualEffectGraphs":true,"m_FxEnabled":true},"in2DMode":false,"pivot":{"x":42.461822509765628,"y":7.253310203552246,"z":-51.39390182495117},"rotation":{"x":0.23740796744823457,"y":-0.09598498046398163,"z":0.023579847067594529,"w":0.9663753509521484},"size":20.097557067871095,"orthographic":true}