{"cameraMode":{"drawMode":0,"name":"Shaded","section":"Shading Mode"},"sceneLighting":true,"audioPlay":false,"sceneViewState":{"m_AlwaysRefresh":false,"showFog":true,"showSkybox":true,"showFlares":true,"showImageEffects":true,"showParticleSystems":true,"showVisualEffectGraphs":true,"m_FxEnabled":true},"in2DMode":false,"pivot":{"x":5.7202301025390629,"y":2.1539807319641115,"z":-10.469819068908692},"rotation":{"x":0.42583081126213076,"y":-0.5327281951904297,"z":0.35468780994415285,"w":0.6395843625068665},"size":9.329634666442871,"orthographic":true}