{"cameraMode":{"drawMode":0,"name":"Shaded","section":"Shading Mode"},"sceneLighting":true,"audioPlay":false,"sceneViewState":{"m_AlwaysRefresh":false,"showFog":true,"showSkybox":true,"showFlares":true,"showImageEffects":true,"showParticleSystems":true,"showVisualEffectGraphs":true,"m_FxEnabled":true},"in2DMode":false,"pivot":{"x":4.8110480308532719,"y":2.3801803588867189,"z":-1.5960540771484376},"rotation":{"x":0.4981997609138489,"y":-0.10611201077699661,"z":0.06158916652202606,"w":0.8583433032035828},"size":18.590490341186525,"orthographic":true}