{"cameraMode":{"drawMode":0,"name":"Shaded","section":"Shading Mode"},"sceneLighting":true,"audioPlay":false,"sceneViewState":{"m_AlwaysRefresh":false,"showFog":true,"showSkybox":true,"showFlares":true,"showImageEffects":true,"showParticleSystems":true,"showVisualEffectGraphs":true,"m_FxEnabled":true},"in2DMode":false,"pivot":{"x":34.33097457885742,"y":-19.8438777923584,"z":-38.63361358642578},"rotation":{"x":-0.0038176970556378366,"y":-0.9273532032966614,"z":0.3740549683570862,"w":-0.009462185204029084},"size":21.008045196533204,"orthographic":false}